,Unnamed: 0,  ,Image_urls,#PAGE_URL,Review Date,Domain,Title,Review_S,Complaint,Sarcastic,Emotion,Sentiment,Severity,Aspect Term,Aspect Term Comp Analysis,Aspect Term.1,Aspect Term Comp Analysis.1,Aspect Term.2,Aspect Term Comp Analysis.2,Aspect Term.3,Aspect Term Comp Analysis.3,Comments,Complaint_A,mix_aspects,mix_aspect,Span1,Span2,Span3,Span4,exp
0,0,0,https://images-na.ssl-images-amazon.com/images/I/71rkvCEEqrL._SY88.jpg,https://www.amazon.in/Tata-Sampann-Besan-1kg/product-reviews/B01K4F6SHO/ref=cm_cr_getr_d_paging_btm_next_2?ie=UTF8&reviewerType=all_reviews&mediaType=media_reviews_only&pageNumber=2,4-10-2019,Edible,Good quality✌,\n A quality product from Tata.. Got it for Rs.44..Packaging was good.. Product was received intact.\n,noncomplaint,non-sarcastic,happiness,positive,noncomplaint,quality,0.0,packaging,0.0,,,,,,0,"[['quality', 0], ['packaging', 0]]","[['quality', 0], ['packaging', 0]]",,,,,"[['quality', 0, 'nan'], ['packaging', 0, 'nan']]"
1,1,2,https://images-na.ssl-images-amazon.com/images/I/71lqDUChIUL._SY88.jpg; https://images-na.ssl-images-amazon.com/images/I/811O55600pL._SY88.jpg; https://images-na.ssl-images-amazon.com/images/I/81Kh0irWd9L._SY88.jpg,https://www.amazon.in/Yogabar-Wholegrain-Breakfast-Muesli-Chocolate/product-reviews/B07X5834FK/ref=cm_cr_arp_d_viewopt_mdrvw?ie=UTF8&reviewerType=all_reviews&mediaType=media_reviews_only&pageNumber=1,02-07-2019,Edible,Tasty and healthy,"\n So much healthy and tasty as well . Made of healthy ingredients, and perfect flavor makes it a must having breakfast. High quality museli . It contains Quinoa, Oats and brown rice which are very rich in fibres . You can even skip your one meal and have this . It has 6gm of protein in 50gm of serving. Less fat content which is a very good thing . A must thing to start your day with . The flavour is very nice this makes it more good .The packaging is very good . Value for money.\n",noncomplaint,non-sarcastic,happiness,positive,noncomplaint,taste,0.0,quality,0.0,packaging,0.0,price,0.0,,0,"[['taste', 0], ['quality', 0], ['packaging', 0], ['price', 0]]","[['taste', 0], ['quality', 0], ['packaging', 0], ['price', 0]]",,,,,"[['taste', 0, 'nan'], ['quality', 0, 'nan'], ['packaging', 0, 'nan'], ['price', 0, 'nan']]"
2,2,30,https://images-na.ssl-images-amazon.com/images/I/61CbkTXGL0L._SY88.jpg; https://images-na.ssl-images-amazon.com/images/I/61iQhr+izwL._SY88.jpg; https://images-na.ssl-images-amazon.com/images/I/61nPG4Pex5L._SY88.jpg; https://images-na.ssl-images-amazon.com/images/I/61nb50xT59L._SY88.jpg,https://www.amazon.in/Girnar-Green-Desi-Kahwa-Bags/product-reviews/B01CE7D8BY/ref=cm_cr_arp_d_viewopt_mdrvw?ie=UTF8&reviewerType=all_reviews&mediaType=media_reviews_only&pageNumber=1,17-08-2020,Edible,One of the Best Kahwa Nice Perfect light Salty Test,"\n One of the Best Kahwa Nice Perfect light Salty Test, but always shorage supply.\nSpices and herbs black pepper green tea tulsi cardamom cinnamon clove some more useful ingredients. Very useful.\nSpecial I like the flavor and Test. An empty stomach in the Morning 15 before my tea consumption is the best\n",noncomplaint,non-sarcastic,happiness,positive,noncomplaint,quality,0.0,,,,,,,,0,"[['quality', 0]]","[['quality', 0]]",,,,,"[['quality', 0, 'nan']]"
3,3,0,https://images-na.ssl-images-amazon.com/images/I/611s--M+lhL._SY88.jpg,https://www.amazon.in/WOW-Raw-Apple-Cider-Vinegar/product-reviews/B01AC9G656/ref=cm_cr_arp_d_viewopt_mdrvw?ie=UTF8&reviewerType=all_reviews&mediaType=media_reviews_only&pageNumber=1,28-10-2018,Edible,Not up to the mark.,\n I ordered two products of wow ACV.. one is lighter than the other it seems diluted...\nIf you are providing good discounts it doesn't mean to give lower quality products.\n,complaint,non-sarcastic,anger,negative,blame,quality,1.0,price,0.0,,,,,,1,"[['quality', 1], ['price', 0]]","[['quality', 1], ['price', 0]]", lower quality products, good discounts,,,"[['quality', 1, ' lower quality products'], ['price', 0, ' good discounts']]"
4,4,2,https://images-na.ssl-images-amazon.com/images/I/71JCX1j5SsL._SY88.jpg,https://www.amazon.in/Zandu-Pure-Honey-Purity-Squ-Easy/product-reviews/B08PFN5C9P/ref=cm_cr_getr_d_paging_btm_next_2?ie=UTF8&reviewerType=all_reviews&mediaType=media_reviews_only&pageNumber=2,17-11-2020,Edible,One confusion,"\n &nbsp;I understand all the hype for Zandu pure honey.\nI understand it is pure as shown by lab reports.\nI understand fit tuber review. Thats why I bought it.\nI can't understand only one thing. They say it is honey from the sundarbans (Bengal). But the manufacturer is from haryana. Did the bees come from Haryana to Bengal to suck the flowers?\nTaste wise it is good, like other brands. Nothing special, nothing alarming.\n\nEdited on 17th January 2021:\nIt is so cold here. Coconut oil , ghee everything is freezing. This honey is not freezing. See the video. It means it has no pollen. Worthless honey.\n",complaint,non-sarcastic,surprise,negative,disapproval,quality,1.0,taste,0.0,,,,,,1,"[['quality', 1], ['taste', 0]]","[['quality', 1], ['taste', 0]]",honey is not freezing,Taste wise it is good,,,"[['quality', 1, 'honey is not freezing'], ['taste', 0, 'Taste wise it is good']]"
5,5,0,https://images-na.ssl-images-amazon.com/images/I/71HCGCb0RWL._SY88.jpg,https://www.amazon.in/UNIBIC-Fruit-Nut-Cookies-500/product-reviews/B07XTV73V2/ref=cm_cr_getr_d_paging_btm_next_2?ie=UTF8&reviewerType=all_reviews&mediaType=media_reviews_only&pageNumber=2,18-05-2020,Edible,Good cookies unibic,\n One of the best cookies in reasonable price.\n,noncomplaint,non-sarcastic,happiness,positive,noncomplaint,price,0.0,taste,0.0,,,,,,0,"[['price', 0], ['taste', 0]]","[['price', 0], ['taste', 0]]",,,,,"[['price', 0, 'nan'], ['taste', 0, 'nan']]"
6,6,0,https://images-na.ssl-images-amazon.com/images/I/71-+5ls07IL._SY88.jpg; https://images-na.ssl-images-amazon.com/images/I/71HMg3nmuVL._SY88.jpg,https://www.amazon.in/Pintola-Natural-Crunchy-Unsweetened-Non-GMO/product-reviews/B06XFSSDNH/ref=cm_cr_getr_d_paging_btm_next_2?ie=UTF8&reviewerType=all_reviews&mediaType=media_reviews_only&pageNumber=2,17-08-2020,Edible,Dont fall for the Bestseller mark by Amazon. Its a sub-standard product,"\n Consistency is watery, not thick or buttery, which is the major downfall of this product, it is not peanut butter its peanut water with some peanut pieces. No added sugar, which is the best part. But PINTOLA SHOULD mention that they have added water in this product. And trust me the real peanut butter should be like butter, not like this sub-standard product. I think they have adulterated this peanut butter with water and surprisingly the price is also bit on the higher side. The packaging is good, no spilling, taste was also good and received a fresh stock. Since I am paying for the peanut and not the water, this makes my first and last purchase from pintola. I recommend saffola (cheaper) or alpino (almost same range as this).\n",complaint,non-sarcastic,sadness,negative,accusation,quality,1.0,packaging,0.0,taste,0.0,price,1.0,,1,"[['quality', 1], ['packaging', 0], ['taste', 0], ['price', 1]]","[['quality', 1], ['packaging', 0], ['taste', 0], ['price', 1]]",Consistency is watery,packaging is good,taste was also good,price is also bit on the higher side,"[['quality', 1, 'Consistency is watery'], ['packaging', 0, 'packaging is good'], ['taste', 0, 'taste was also good'], ['price', 1, 'price is also bit on the higher side']]"
7,7,0,https://images-na.ssl-images-amazon.com/images/I/81eQ0aTExpL._SY88.jpg; https://images-na.ssl-images-amazon.com/images/I/91BUb3vzA1L._SY88.jpg; https://images-na.ssl-images-amazon.com/images/I/91g3DrMLifL._SY88.jpg,https://www.amazon.in/Samyang-Chicken-buldak-Double-Spicy/product-reviews/B075VM9N96/ref=cm_cr_arp_d_viewopt_mdrvw?ie=UTF8&reviewerType=all_reviews&mediaType=media_reviews_only&pageNumber=1,19-05-2021,Edible,Must Try! Be ready for Spice Punch + Precautions Mentioned,"\n So, Spicy :)\nIt stands up to its name. The noodles are spicy!\nThe taste is sweet, and Unami filled. The Noodles on its own are actually amazing! Its chewy and thick and it gives such satisfaction , it feels like you are having a proper meal.\nNow as for Heat goes. The Noodles are made unnecessarily spicy, Using Chilli concentrate.\nYou can actually smell the chemical harshness of the chilly and the oil from sauce will colour your hands which won't go even after washing.\nRegardless, The noodles were Tasty, Fair WARNING - Please Keep Icecream + Colddrink + Milk + Cold Water + Curd ( Around you while consuming this ) Else you will regret this soo much. You won't feel the heat or spice while eating but once you are done, That's when the Show starts. Be ready for an Adventure :)\nAlso, The Effects and spiciness disappear and body is back to normal after 30 Mins of pain.\nI got these For 480 Including shipping. So pretty good I guess. Its a Good 1 Time experience, Must try once in life. Gotta taste everything.\nTry to buy 1 pack only as I know pack of 5 will just be waste of Money.\nPlease Hit Helpful button for this Intensive Review! Cheers.\n",noncomplaint,non-sarcastic,happiness,neutral,noncomplaint,quality,0.0,,,,,,,,0,"[['quality', 0]]","[['quality', 0]]",,,,,"[['quality', 0, 'nan']]"
8,8,0,https://images-na.ssl-images-amazon.com/images/I/71DTc-mHwOL._SY88.jpg,https://www.amazon.in/Aashirvaad-Shudh-Chakki-Atta/product-reviews/B01H5KRD2K/ref=cm_cr_getr_d_paging_btm_next_8?ie=UTF8&reviewerType=all_reviews&mediaType=media_reviews_only&pageNumber=8,15-08-2020,Edible,not received turmeric as per aataa scheme,\n Mentioned on pack ..free 100grm turmeric...but not received turmeric packet\n,complaint,non-sarcastic,sadness,negative,noexplicitreproach,packaging,1.0,,,,,,,,1,"[['service', 1]]","[['packaging', 1]]",not received turmeric packet,,,,"[['packaging', 1, 'not received turmeric packet']]"
9,9,196,https://images-na.ssl-images-amazon.com/images/I/71ZG44mFGBL._SY88.jpg,https://www.amazon.in/Aashirvaad-Shudh-Chakki-Atta/product-reviews/B01H5KRD2K/ref=cm_cr_arp_d_viewopt_mdrvw?ie=UTF8&reviewerType=all_reviews&mediaType=media_reviews_only&pageNumber=1,11-10-2018,Edible,Atta was eaten by rats.how could you do this? I'm an old &amp; regular customer.pl refund my money,\n Atta was eaten by rats &amp; the same was delivered to me.the original packet was wrapped in another packet.it was done intentionally.\n,complaint,non-sarcastic,disgust,negative,blame,packaging,1.0,packaging,1.0,,,,,,1,"[['packaging', 1], ['service', 1]]","[['packaging', 1], ['packaging', 1]]",packet was wrapped in another packet,,,,"[['packaging', 1, 'packet was wrapped in another packet'], ['packaging', 1, 'nan']]"
10,10,3,https://images-na.ssl-images-amazon.com/images/I/61QaQi5abQL._SY88.jpg; https://images-na.ssl-images-amazon.com/images/I/61hlJ+UaHUL._SY88.jpg,https://www.amazon.in/Sunfeast-Moms-Magic-Cashew-Almond/product-reviews/B07Q7L6SRG/ref=cm_cr_arp_d_viewopt_mdrvw?ie=UTF8&reviewerType=all_reviews&mediaType=media_reviews_only&pageNumber=1,18-06-2020,Edible,Ant hole or insect holes,"\n Well still I have not opened it but it already has small holes made by insect or ant hole and picture is attached above ,similar senario was with Sunfeast dark fantasy it had nemurious insect or ant hole in the packet and I had to throw about 7 to 8 small packets outside . It was my first order in Amazon pantry but not liking it\n",complaint,non-sarcastic,disgust,negative,accusation,quality,1.0,packaging,1.0,,,,,,1,"[['quality', 1], ['service', 1]]","[['quality', 1], ['packaging', 1]]",hole in the packet,,,,"[['quality', 1, 'hole in the packet'], ['packaging', 1, 'nan']]"
11,11,90,https://images-na.ssl-images-amazon.com/images/I/71U--q3jkvL._SY88.jpg,https://www.amazon.in/Nescafe-Classic-Coffee-Glass-100g/product-reviews/B01GO1633Q/ref=cm_cr_arp_d_viewopt_mdrvw?ie=UTF8&reviewerType=all_reviews&mediaType=media_reviews_only&pageNumber=1,6-12-2019,Edible,Only 100 -150gms,"\n Not worth, might not be original, only 100-150gms of coffee powder is there but packet says 200gms. I have put the contents in a 200gms Nescafe classic bottle. Only half of it is filled with this packet.\n",complaint,non-sarcastic,sadness,negative,blame,packaging,1.0,,,,,,,,1,"[['packaging', 1]]","[['packaging', 1]]",not be original,,,,"[['packaging', 1, 'not be original']]"
12,12,2,https://images-na.ssl-images-amazon.com/images/I/71QwuolaSqL._SY88.jpg,https://www.amazon.in/Pintola-Natural-Crunchy-Unsweetened-Non-GMO/product-reviews/B06XFSSDNH/ref=cm_cr_arp_d_viewopt_mdrvw?ie=UTF8&reviewerType=all_reviews&mediaType=media_reviews_only&pageNumber=1,07-08-2018,Edible,"All natural, good for those who are on diet or gym goers","\n This is one of the best peanut butter which i have tried it yet.. This is quite different from what is available in market. This is highly beneficial, it has goodness of protein and fibre, no added hydrogenated oil, no added sugar. It is good for those who are diet and goes to gym. It is heart friendly because of zero cholestrol and contains healthy fats. Plus point is this is all natural and has roasted crunchy peanuts which boosts its taste too. Highly recommended\n",noncomplaint,non-sarcastic,happiness,positive,noncomplaint,quality,0.0,taste,0.0,,,,,,0,"[['quality', 0], ['taste', 0]]","[['quality', 0], ['taste', 0]]",,,,,"[['quality', 0, 'nan'], ['taste', 0, 'nan']]"
13,13,0,https://images-na.ssl-images-amazon.com/images/I/61oDDH9rpQL._SY88.jpg; https://images-na.ssl-images-amazon.com/images/I/61rXNBKkGwL._SY88.jpg; https://images-na.ssl-images-amazon.com/images/I/71K3tK1QQPL._SY88.jpg,https://www.amazon.in/Yogabar-Wholegrain-Breakfast-Muesli-Chocolate/product-reviews/B07X5834FK/ref=cm_cr_getr_d_paging_btm_next_2?ie=UTF8&reviewerType=all_reviews&mediaType=media_reviews_only&pageNumber=2,14-07-2019,Edible,Great Breakfast Option,"\n I usually skip breakfast due to hectic schedule in the morning. I know this isn't a good practice, hence, I was looking for a healthy breakfast option. Came across Yogabar Wholegrain Breakfast Muesli in the flavour dark chocolate cranberry, I just couldn't resist trying this product, and believe me it was one of my best decision.\n\nThis is a great breakfast option as it got whole grains, nuts, seeds, cranberry and dark chocolate which works as cherry on top for this muesli.\n\nBefore leaving for office, I quickly have this for my breakfast with milk and dressing of honey. This isn't only healthy but makes you feel fuller for longer.\n\nGreat breakfast option.\n",noncomplaint,non-sarcastic,happiness,positive,noncomplaint,quality,0.0,,,,,,,,0,"[['quality', 0]]","[['quality', 0]]",,,,,"[['quality', 0, 'nan']]"
14,14,25,https://images-na.ssl-images-amazon.com/images/I/71uDUOTTgsL._SY88.jpg; https://images-na.ssl-images-amazon.com/images/I/81dKtO4ZllL._SY88.jpg; https://images-na.ssl-images-amazon.com/images/I/81pJyVUm9HL._SY88.jpg,https://www.amazon.in/Lipton-Honey-Lemon-Green-Pieces/product-reviews/B01HMQ4HLW/ref=cm_cr_arp_d_viewopt_mdrvw?ie=UTF8&reviewerType=all_reviews&mediaType=media_reviews_only&pageNumber=1,29-06-2019,Edible,I think it is duplicate product.,\n Left- purchased in retail.. right- Amazon's product.\nLast time i perchased same product in retail. Next i found cheaper price in online. But product is totally different. I think it is duplicate. U can see in the picture. The quality of the raper is different compared to retail product. And quantity also less. And they used steple pin to the packets.\n,complaint,non-sarcastic,sadness,negative,blame,quality,1.0,packaging,1.0,packaging,1.0,price,0.0,,1,"[['quality', 1], ['packaging', 1], ['service', 1], ['price', 0]]","[['quality', 1], ['packaging', 1], ['packaging', 1], ['price', 0]]",quality of the raper is different,duplicate product,cheaper price in online,,"[['quality', 1, 'quality of the raper is different'], ['packaging', 1, 'duplicate product'], ['packaging', 1, 'cheaper price in online'], ['price', 0, 'nan']]"
15,15,1,https://images-na.ssl-images-amazon.com/images/I/A1AuG+N5V5L._SY88.jpg; https://images-na.ssl-images-amazon.com/images/I/A1RXxVitpcL._SY88.jpg; https://images-na.ssl-images-amazon.com/images/I/A1VAPwhjICL._SY88.jpg,https://www.amazon.in/Zandu-Pure-Honey-Purity-Squ-Easy/product-reviews/B08PFN5C9P/ref=cm_cr_getr_d_paging_btm_next_2?ie=UTF8&reviewerType=all_reviews&mediaType=media_reviews_only&pageNumber=2,2-11-2020,Edible,Probably the Best Honey,\n I did a lot of homework before buying honey for my family. Then I decided to try Zandu Honey. I can rely on the company because it's Zandu. After receiving the package I found tested it. The aroma is fantastic. Thickness is great. This is the third brand I'm using. Great honey and price is good. Highly recommended.\n,noncomplaint,non-sarcastic,happiness,positive,noncomplaint,quality,0.0,price,0.0,,,,,,0,"[['quality', 0], ['price', 0]]","[['quality', 0], ['price', 0]]",,,,,"[['quality', 0, 'nan'], ['price', 0, 'nan']]"
16,16,7,https://images-na.ssl-images-amazon.com/images/I/61CI-UFR9nL._SY88.jpg,https://www.amazon.in/Nescafe-Classic-Coffee-Glass-100g/product-reviews/B01GO1633Q/ref=cm_cr_arp_d_viewopt_mdrvw?ie=UTF8&reviewerType=all_reviews&mediaType=media_reviews_only&pageNumber=1,23-05-2020,Edible,"Pl dont buy, can be cheated.","\n I recommend not to buy, i have ordered 100 gms classic, the coffee was spliting outside the packet.Later today we have opened it to consume then we have noticed that pack seal is open and filled tightly to the brink which i have never encountered earlier. Doubt that the content might be replaced. It is unacceptable in corona scenario. More over they sell with the condition of non replacement.\n",complaint,non-sarcastic,anger,negative,disapproval,packaging,1.0,packaging,1.0,,,,,,1,"[['packaging', 1], ['service', 1]]","[['packaging', 1], ['packaging', 1]]",pack seal is open,,,,"[['packaging', 1, 'pack seal is open'], ['packaging', 1, 'nan']]"
17,17,40,https://images-na.ssl-images-amazon.com/images/I/71-V5s6eSeL._SY88.jpg,https://www.amazon.in/Tata-Sampann-Chana-Dal-1kg/product-reviews/B01K4F45LU/ref=cm_cr_arp_d_viewopt_mdrvw?ie=UTF8&reviewerType=all_reviews&mediaType=media_reviews_only&pageNumber=1,01-08-2020,Edible,Worst quality product,"\n Totally fungal attacked chana dal, very poor condition and quality. I haven't expect this type of quality from TATA. Total wastage of money.\n",complaint,non-sarcastic,disgust,negative,blame,quality,1.0,packaging,1.0,packaging,1.0,,,,1,"[['quality', 1], ['service', 1], ['packaging', 1]]","[['quality', 1], ['packaging', 1], ['packaging', 1]]",very poor condition and quality,haven't expect this type of quality from TATA,,,"[['quality', 1, 'very poor condition and quality'], ['packaging', 1, ""haven't expect this type of quality from TATA""], ['packaging', 1, 'nan']]"
18,18,3,https://images-na.ssl-images-amazon.com/images/I/71Yo1+46W7L._SY88.jpg,https://www.amazon.in/Bikano-Besan-Special-Laddu-400g/product-reviews/B07HLVK7J7/ref=cm_cr_arp_d_viewopt_mdrvw?ie=UTF8&reviewerType=all_reviews&mediaType=media_reviews_only&pageNumber=1,23-10-2020,Edible,Good packaging,"\n Packed intact, all in one piece. Tastes yum my 18months old daughter also loved it.\n",noncomplaint,non-sarcastic,happiness,positive,noncomplaint,packaging,0.0,quality,0.0,,,,,,0,"[['packaging', 0], ['quality', 0]]","[['packaging', 0], ['quality', 0]]",,,,,"[['packaging', 0, 'nan'], ['quality', 0, 'nan']]"
19,19,0,https://images-na.ssl-images-amazon.com/images/I/81A7eCZQ0sL._SY88.jpg,https://www.amazon.in/Girnar-Green-Desi-Kahwa-Bags/product-reviews/B01CE7D8BY/ref=cm_cr_arp_d_viewopt_mdrvw?ie=UTF8&reviewerType=all_reviews&mediaType=media_reviews_only&pageNumber=1,7-12-2020,Edible,Spicy cuppa,"\n This is one of my favourite teas, especially in winter months..love it's rich spicy flavour including slightly salty taste.(But I don't share it with my spouse who has blood pressure issues)…\n",noncomplaint,non-sarcastic,happiness,positive,noncomplaint,quality,0.0,,,,,,,,0,"[['quality', 0]]","[['quality', 0]]",,,,,"[['quality', 0, 'nan']]"
20,20,0,https://images-na.ssl-images-amazon.com/images/I/C1SlB1yFUZS._SY88.jpg,https://www.amazon.in/Bikano-Besan-Special-Laddu-400g/product-reviews/B07HLVK7J7/ref=cm_cr_getr_d_paging_btm_next_3?ie=UTF8&reviewerType=all_reviews&mediaType=media_reviews_only&pageNumber=3,28-03-2021,Edible,"Average Taste, Poor Packing. High Costing","\n Average, Not recommended\n",complaint,non-sarcastic,sadness,negative,noexplicitreproach,price,1.0,taste,1.0,packaging,1.0,,,,1,"[['price', 1], ['taste', 1], ['packaging', 1]]","[['price', 1], ['taste', 1], ['packaging', 1]]",High Costing,Average Taste,Poor Packing,,"[['price', 1, 'High Costing'], ['taste', 1, 'Average Taste'], ['packaging', 1, 'Poor Packing']]"
21,21,0,https://images-na.ssl-images-amazon.com/images/I/814OyqxDgHL._SY88.jpg,https://www.amazon.in/ONLY-ORGANIC-Variety-Vegetable-Instruction/product-reviews/B075GFVKG6/ref=cm_cr_getr_d_paging_btm_next_2?ie=UTF8&reviewerType=all_reviews&mediaType=media_reviews_only&pageNumber=2,8-12-2020,Edible,Highly recommended,"\n Good quality seeds with good germination rate. I bought this 3 weeks ago and as this is the season to sow cool season crops, I have sowed seeds of carrot, raddish, cauliflower, cabbage, broccoli, knol khol, turnip, spinach, beet roots etc. I got 1 seed packet extra along with the 45 mentioned in the packet. That was sunflower seeds. Highly recommended. Very excited to try all the veggie seeds.\n",noncomplaint,non-sarcastic,happiness,positive,noncomplaint,quality,0.0,,,,,,,,0,"[['quality', 0]]","[['quality', 0]]",,,,,"[['quality', 0, 'nan']]"
22,22,0,https://images-na.ssl-images-amazon.com/images/I/51CQw4YMdLL._SY88.jpg; https://images-na.ssl-images-amazon.com/images/I/51wC6onThfL._SY88.jpg; https://images-na.ssl-images-amazon.com/images/I/61vOrKyQ1OL._SY88.jpg; https://images-na.ssl-images-amazon.com/images/I/61zZAYC3tEL._SY88.jpg,https://www.amazon.in/Tata-Sampann-Besan-1kg/product-reviews/B01K4F6SHO/ref=cm_cr_getr_d_paging_btm_next_3?ie=UTF8&reviewerType=all_reviews&mediaType=media_reviews_only&pageNumber=3,20-11-2020,Edible,Packaging issue,\n Product received with this type of packaging\n,complaint,non-sarcastic,sadness,negative,noexplicitreproach,packaging,1.0,,,,,,,,1,"[['packaging', 1]]","[['packaging', 1]]",Packaging issue,,,,"[['packaging', 1, 'Packaging issue']]"
23,23,121,https://images-na.ssl-images-amazon.com/images/I/6111lI1zOGL._SY88.jpg; https://images-na.ssl-images-amazon.com/images/I/61BI241f+wL._SY88.jpg; https://images-na.ssl-images-amazon.com/images/I/61kAhm175iL._SY88.jpg; https://images-na.ssl-images-amazon.com/images/I/61q-K2kzKwL._SY88.jpg; https://images-na.ssl-images-amazon.com/images/I/71H-LvwkBQL._SY88.jpg; https://images-na.ssl-images-amazon.com/images/I/71HKf9W2JjL._SY88.jpg; https://images-na.ssl-images-amazon.com/images/I/71HQlYKHVXL._SY88.jpg; https://images-na.ssl-images-amazon.com/images/I/71KgtJNcjcL._SY88.jpg; https://images-na.ssl-images-amazon.com/images/I/71PwC-XTAtL._SY88.jpg; https://images-na.ssl-images-amazon.com/images/I/71PwC-XTAtL._SY88.jpg; https://images-na.ssl-images-amazon.com/images/I/71WqQCPpt-L._SY88.jpg; https://images-na.ssl-images-amazon.com/images/I/71uJWwblPcL._SY88.jpg; https://images-na.ssl-images-amazon.com/images/I/81WJvoHQfPL._SY88.jpg,https://www.amazon.in/Nutella-Hazelnut-Spread-Cocoa-350g/product-reviews/B00LOZWYPO/ref=cm_cr_arp_d_viewopt_mdrvw?ie=UTF8&reviewerType=all_reviews&mediaType=media_reviews_only&pageNumber=1,24-08-2019,Edible,"Tasty, Thick &amp; Best Spread out of all | Just Perfect | Review | Comparison with DairyMilk &amp; Hersheys","\n Spreads are everyone’s favorites, and Nutella's not behind, but instead is leading the league. I got this after trying DairyMilk &amp; Hersheys spread &amp; it blew up the competition. Whether it be taste or consistency, it faired well and will be given preference on my shelves for long.\n\n•••••••••••••••••••\nGENERAL INFO\n•••••••••••••••••••\n\nPrice MRP: Rs 320\nQty: 290g\nCalories: 533Kcal/100g of spread\nSugar Content: 56.3g/100g of spread\n\n•••••••\nPROS\n•••••••\n1. Balanced sweetness &amp; chocolate flavor.\n2. Rich cocoa flavor to suit any of the tastebuds.\n3. Spreads easily without any trouble.\n4. The hint of Hazelnut is a nice addon.\n5. Wide-open jar for easy access &amp; airtight for longevity. If kept open it dries up soon.\n\n•••••••\nCONS\n•••••••\n1. Only one con is the cost, but again you get what you pay for. Lower the cost and accept the tradeoffs, like thin consistency, sugary taste, odd flavor, etc.\n\nCons is not at all a product issue. This spread is greatest of all. In fact, i will give it 6 stars, as i already gave 5 to Dairymilk spread.\n\n••••••••••••••••••••••••••••••••••••••••••••••••••••\nDairy Milk Spread Vs Hersheys Vs Nutella\n••••••••••••••••••••••••••••••••••••••••••••••••••••\n\nPersonally, I found Dairy Milk spread to be slightly better than Hershey’s owing to the reasons below. But again it’s slightly costly compared to Hershey’s.\n\n1. Thicker consistency spread\n2. More chocolaty taste (more like a simple version of dairy milk chocolate)\n\nFurther, i found Nutella better than Dairymilk, owing to reasons below. Again here, it's further costly.\n\n1. Rich cocoa or chocolate flavor. Not just Dairymilk taste.\n2. Uniform &amp; balanced consistency. Dairymilk spreads consistency was non-uniform and at times way too thick to spread.\n\n▶ Arranging them from BEST → WORST in different domains:\n\nCost Front (Price per g): Hersheys (0.74) - DairyMilk (1.00) - Nutella (1.10)\nTaste Front: Nutella - DairyMilk - Hersheys\nBalanced consistency: Nutella - DairyMilk - Hersheys\n\n••••••••••••••••••\nFinal VERDICT\n••••••••••••••••••\n\nNutella is any time recommended over other spreads if you could go with the cost. Its balanced spread with rich taste which won't ever disappoint any of cocoa flavor lover.\n\n▶ Many people comment on the sugar content of spreads, but these are meant to be that way else you would end up applying more of it to have the taste. Also reducing it will have a significant impact on cost.\n\n▶ You may try all of Hershey’s, Nutella and Dairy milk and then finalize your taste. Each is unique in its own way.\n",noncomplaint,non-sarcastic,happiness,neutral,noncomplaint,quality,0.0,taste,0.0,,,,,,0,"[['quality', 0], ['taste', 0]]","[['quality', 0], ['taste', 0]]",,,,,"[['quality', 0, 'nan'], ['taste', 0, 'nan']]"
24,24,0,https://images-na.ssl-images-amazon.com/images/I/71OZ3HjYmZL._SY88.jpg; https://images-na.ssl-images-amazon.com/images/I/71xx3JKiNtL._SY88.jpg,https://www.amazon.in/Del-Monte-Tomato-Ketchup-Spout/product-reviews/B082DFCFZC/ref=cm_cr_arp_d_viewopt_mdrvw?ie=UTF8&reviewerType=all_reviews&mediaType=media_reviews_only&pageNumber=1,23-08-2020,Edible,For indian tastes,\n Its spiced one...onion.garlic etc.it's made for indian tastes. different taste from Heinz.packing is very attractive. suitable for storage no need to find another container for transfer.\n,noncomplaint,non-sarcastic,happiness,positive,noncomplaint,packaging,0.0,,,,,,,,0,"[['packaging', 0]]","[['packaging', 0]]",,,,,"[['packaging', 0, 'nan']]"
25,25,2,https://images-na.ssl-images-amazon.com/images/I/71tUOaK6M7L._SY88.jpg; https://images-na.ssl-images-amazon.com/images/I/81-NELSBn4L._SY88.jpg,https://www.amazon.in/Aashirvaad-Shudh-Chakki-Atta/product-reviews/B01H5KRD2K/ref=cm_cr_getr_d_paging_btm_next_2?ie=UTF8&reviewerType=all_reviews&mediaType=media_reviews_only&pageNumber=2,25-06-2020,Edible,Highly recommend,\n The brand name is enough.\nThis is the best chakki fresh atta in INDIA.\nGood flavour with softness for making rooti.\n,noncomplaint,non-sarcastic,happiness,positive,noncomplaint,taste,0.0,quality,0.0,,,,,,0,"[['taste', 0], ['quality', 0]]","[['taste', 0], ['quality', 0]]",,,,,"[['taste', 0, 'nan'], ['quality', 0, 'nan']]"
26,26,0,https://images-na.ssl-images-amazon.com/images/I/710FZ5iXyyL._SY88.jpg,https://www.amazon.in/Lipton-Honey-Lemon-Green-Pieces/product-reviews/B01HMQ4HLW/ref=cm_cr_getr_d_paging_btm_next_2?ie=UTF8&reviewerType=all_reviews&mediaType=media_reviews_only&pageNumber=2,06-01-2020,Edible,Good,"\n Just got it today.....after having tea feeling really fresh and bit energetic, didn't mix any sugar as I liked this flavour, never thought to feel fresh after having this lemon flavoured tea....but main reason fr purchase is to reduce weight.....let me try few weeks...hope it works ...will give further review after few weeks 😀\n",noncomplaint,non-sarcastic,happiness,positive,noncomplaint,quality,0.0,,,,,,,,0,"[['quality', 0]]","[['quality', 0]]",,,,,"[['quality', 0, 'nan']]"
27,27,1,https://images-na.ssl-images-amazon.com/images/I/A1+r7Dc8mKL._SY88.jpg; https://images-na.ssl-images-amazon.com/images/I/A1BSaU--LuL._SY88.jpg; https://images-na.ssl-images-amazon.com/images/I/B1OeKULIeeS._SY88.jpg; https://images-na.ssl-images-amazon.com/images/I/C1ebMCkBuWS._SY88.jpg,https://www.amazon.in/ONLY-ORGANIC-Variety-Vegetable-Instruction/product-reviews/B075GFVKG6/ref=cm_cr_getr_d_paging_btm_next_2?ie=UTF8&reviewerType=all_reviews&mediaType=media_reviews_only&pageNumber=2,25-12-2020,Edible,Read before buying,"\n Some points I'll like to mention\n1.I bought this seed packet for rs.450\n2. seed quality is average and the quantity is ok\n3. It's best product if you are a beginner and want to grow some vegitables on your roof or in a pot\n4. I grew many vegetables from this seed packet some photos I'm attaching, the success rate of seed is very good\nOverall don't think much before buying this product, it costs 450 but will definitely give you happiness which is priceless.\n",noncomplaint,non-sarcastic,happiness,positive,noncomplaint,quality,0.0,packaging,0.0,,,,,,0,"[['quality', 0], ['packaging', 0]]","[['quality', 0], ['packaging', 0]]",,,,,"[['quality', 0, 'nan'], ['packaging', 0, 'nan']]"
28,28,0,https://images-na.ssl-images-amazon.com/images/I/91SuWKW8ocL._SY88.jpg; https://images-na.ssl-images-amazon.com/images/I/91fYv5JyZGL._SY88.jpg; https://images-na.ssl-images-amazon.com/images/I/91mx0pd3x+L._SY88.jpg,https://www.amazon.in/Tata-Sampann-Besan-1kg/product-reviews/B01K4F6SHO/ref=cm_cr_getr_d_paging_btm_next_2?ie=UTF8&reviewerType=all_reviews&mediaType=media_reviews_only&pageNumber=2,1-11-2020,Edible,It's not a besan at all,"\n It's a cheating to customers as its a mixture of corn or anything else not a besan, prepared pakode with it and feels like plastic pakode. It's shocking as a brand like TATA doing this.\n",complaint,non-sarcastic,sadness,negative,accusation,quality,1.0,,,,,,,,1,"[['quality', 1]]","[['quality', 1]]",not a besan at all,,,,"[['quality', 1, 'not a besan at all']]"
29,29,0,https://images-na.ssl-images-amazon.com/images/I/71HyUJbMNlL._SY88.jpg; https://images-na.ssl-images-amazon.com/images/I/71KjfFR7IIL._SY88.jpg; https://images-na.ssl-images-amazon.com/images/I/71Tl1F94teL._SY88.jpg; https://images-na.ssl-images-amazon.com/images/I/71hGypwa2OL._SY88.jpg; https://images-na.ssl-images-amazon.com/images/I/71pETiN+87L._SY88.jpg,https://www.amazon.in/Tata-Sampann-Moong-Split-500g/product-reviews/B01HBFVM94/ref=cm_cr_arp_d_viewopt_mdrvw?ie=UTF8&reviewerType=all_reviews&mediaType=media_reviews_only&pageNumber=1,18-06-2020,Edible,Everyday moong dal by Tata!!!,\n Quality moong dal by Tata Sampann. I got 500gm packet of unpolished moong dal.\nTaste depends on your cooking skill.\nPrice could have been lowered. Thanks to Amazon Pantry for safe and on-time delivery.\n,noncomplaint,non-sarcastic,happiness,positive,noncomplaint,quality,0.0,packaging,0.0,,,,,,0,"[['quality', 0], ['service', 0]]","[['quality', 0], ['packaging', 0]]",,,,,"[['quality', 0, 'nan'], ['packaging', 0, 'nan']]"
30,30,145,https://images-na.ssl-images-amazon.com/images/I/61IrspIgH5L._SY88.jpg; https://images-na.ssl-images-amazon.com/images/I/61mg+4TjRnL._SY88.jpg; https://images-na.ssl-images-amazon.com/images/I/71K5u94ahOL._SY88.jpg,https://www.amazon.in/Karachi-Bakery-Fruit-Biscuits-400g/product-reviews/B00YDG4IXW/ref=cm_cr_arp_d_viewopt_mdrvw?ie=UTF8&reviewerType=all_reviews&mediaType=media_reviews_only&pageNumber=1,04-08-2020,Edible,Surprise...Surprise !!,\n Such a great experience of flavour chewing a piece of metal inside the famous Karachi Bakery Biscuit.Almost had my tooth broken apart from swallowing it.Too premium way to get hospitalised.Finding a place to complain about the Quality soon.Rest u can test your Biting force and your Luck.\n,complaint,non-sarcastic,happiness,positive,noncomplaint,quality,1.0,packaging,1.0,,,,,,1,"[['quality', 1], ['service', 1]]","[['quality', 1], ['packaging', 1]]", piece of metal inside,,,,"[['quality', 1, ' piece of metal inside'], ['packaging', 1, 'nan']]"
31,31,0,https://images-na.ssl-images-amazon.com/images/I/B1eUTDlyh1S._SY88.jpg,https://www.amazon.in/Karachi-Bakery-Fruit-Biscuits-400g/product-reviews/B00YDG4IXW/ref=cm_cr_arp_d_viewopt_mdrvw?ie=UTF8&reviewerType=all_reviews&mediaType=media_reviews_only&pageNumber=1,29-05-2021,Edible,Horrible packing and shipping,"\n Well the cookies in themselves are ok, look to be an old batch. I have had karachi bakery cookies in the past, they are much much better than how these taste.\nSurprisingly though, the packaging and shipping was horrible from Amazon. The box was delivered in a plastic packaging, essentially destroying everything inside. See the pic, the cookies are totally crumbled.\nI had better expectation from Amazon.\n",complaint,non-sarcastic,sadness,negative,accusation,packaging,1.0,packaging,1.0,taste,1.0,,,,1,"[['packaging', 1], ['service', 1], ['taste', 1]]","[['packaging', 1], ['packaging', 1], ['taste', 1]]",look to be an old batch,Horrible packing and shipping,,,"[['packaging', 1, 'look to be an old batch'], ['packaging', 1, 'Horrible packing and shipping'], ['taste', 1, 'nan']]"
32,32,1,https://images-na.ssl-images-amazon.com/images/I/41reDZbPxmL._SY88.jpg,https://www.amazon.in/Nutella-Hazelnut-Spread-Cocoa-350g/product-reviews/B00LOZWYPO/ref=cm_cr_arp_d_viewopt_mdrvw?ie=UTF8&reviewerType=all_reviews&mediaType=media_reviews_only&pageNumber=1,24-06-2020,Edible,Received Nutella in a semi open messy condition...,\n Nutella is a brand which is one of the best chocolate spreads and needs no further explanation. My problem is I received it with the inner seal torn and the entire bottle messed up. As one and see in my photo (which I have uploaded) I have had to wash the entire bottle cap as well as the inner cardboard. Very unfortunate as I have never receive any Amazon eatables in this manner and more unfortunate at this pandemic time. Now I am rather scared to let my family enjoy this product. Very careless on the delivery merchants part to supply such an item.\n,complaint,non-sarcastic,disgust,neutral,accusation,packaging,1.0,packaging,1.0,,,,,,1,"[['packaging', 1], ['service', 1]]","[['packaging', 1], ['packaging', 1]]",,,,,"[['packaging', 1, 'nan'], ['packaging', 1, 'nan']]"
33,33,0,https://images-na.ssl-images-amazon.com/images/I/61kMJXX0wlL._SY88.jpg,https://www.amazon.in/Pintola-Natural-Crunchy-Unsweetened-Non-GMO/product-reviews/B06XFSSDNH/ref=cm_cr_getr_d_paging_btm_next_2?ie=UTF8&reviewerType=all_reviews&mediaType=media_reviews_only&pageNumber=2,09-05-2019,Edible,Awesome product,"\n Love the tase and price , its a very good and healthy product and the most important is that it's is made of 100% peanut.\nMost important things are :-\n1- if u r buying for taste then plz dnt buy it because it is tasteless because it is there is no mixablilty of other ingredients.\n2- As it is made if 100% of peanut it will provide u great source of energy and protein.\n3- dont go for taste go for health\n",noncomplaint,non-sarcastic,happiness,positive,noncomplaint,taste,0.0,price,0.0,,,,,,0,"[['taste', 0], ['price', 0]]","[['taste', 0], ['price', 0]]",,,,,"[['taste', 0, 'nan'], ['price', 0, 'nan']]"
34,34,0,https://images-na.ssl-images-amazon.com/images/I/81IIw89ngaL._SY88.jpg,https://www.amazon.in/Bikano-Besan-Special-Laddu-400g/product-reviews/B07HLVK7J7/ref=cm_cr_getr_d_paging_btm_next_3?ie=UTF8&reviewerType=all_reviews&mediaType=media_reviews_only&pageNumber=3,28-02-2021,Edible,Good... and great product..,\n This product is good and everyone should buy it.\n,noncomplaint,non-sarcastic,happiness,positive,noncomplaint,quality,0.0,,,,,,,,0,"[['quality', 0]]","[['quality', 0]]",,,,,"[['quality', 0, 'nan']]"
35,35,5,https://images-na.ssl-images-amazon.com/images/I/717POx4wKeL._SY88.jpg; https://images-na.ssl-images-amazon.com/images/I/7183T94FDIL._SY88.jpg; https://images-na.ssl-images-amazon.com/images/I/71fFy6C1fML._SY88.jpg,https://www.amazon.in/Tata-Sampann-Besan-1kg/product-reviews/B01K4F6SHO/ref=cm_cr_arp_d_viewopt_mdrvw?ie=UTF8&reviewerType=all_reviews&mediaType=media_reviews_only&pageNumber=1,good.-12-Box,Edible,Bason Packet punctured spilled inside the box,\n Tata Bason is good. The Box from outside was intact. All other items were intact. Only the Bason package was punctured and bason was leaking and allover. Bad packaging in warehouse ofAmazon before desptach\n,complaint,non-sarcastic,sadness,neutral,accusation,packaging,1.0,quality,0.0,packaging,1.0,,,,1,"[['packaging', 1], ['quality', 0], ['service', 1]]","[['packaging', 1], ['quality', 0], ['packaging', 1]]",,,,,"[['packaging', 1, 'nan'], ['quality', 0, 'nan'], ['packaging', 1, 'nan']]"
36,36,1,https://images-na.ssl-images-amazon.com/images/I/91kxhAnh8rL._SY88.jpg,https://www.amazon.in/Tata-Sampann-Besan-1kg/product-reviews/B01K4F6SHO/ref=cm_cr_arp_d_viewopt_mdrvw?ie=UTF8&reviewerType=all_reviews&mediaType=media_reviews_only&pageNumber=1,quite-12-and,Edible,Quality justifies the brand!!,"\n &nbsp;The besan is quite smooth and easy to use. When we use the besan for making the batter, the lump formation is comparatively lower from other besans that we have used earlier. We made paneer pakoras with tata besan and they turned out perfect.\n",noncomplaint,non-sarcastic,happiness,positive,noncomplaint,quality,0.0,,,,,,,,0,"[['quality', 0]]","[['quality', 0]]",,,,,"[['quality', 0, 'nan']]"
37,37,0,https://images-na.ssl-images-amazon.com/images/I/81Ak7-GXe0L._SY88.jpg,https://www.amazon.in/Karachi-Bakery-Fruit-Biscuits-400g/product-reviews/B00YDG4IXW/ref=cm_cr_getr_d_paging_btm_next_2?ie=UTF8&reviewerType=all_reviews&mediaType=media_reviews_only&pageNumber=2,2-11-2018,Edible,Quality is down.. Fake product,\n Quality is down from what it used to be. Now its taste is bland. This biscuit is so much in demand that karachi bakery is not able to fulfill orders and getting it packed from sub standard manufacturers\n. Avoid wasting money on this\n,complaint,non-sarcastic,anger,negative,accusation,packaging,1.0,taste,1.0,quality,1.0,,,,1,"[['packaging', 1], ['taste', 1], ['quality', 1]]","[['packaging', 1], ['taste', 1], ['quality', 1]]",fake product,taste is bland,sub standard manufacturers,,"[['packaging', 1, 'fake product'], ['taste', 1, 'taste is bland'], ['quality', 1, 'sub standard manufacturers']]"
38,38,0,https://images-na.ssl-images-amazon.com/images/I/6174ioednsL._SY88.jpg; https://images-na.ssl-images-amazon.com/images/I/61auI+nXA3L._SY88.jpg; https://images-na.ssl-images-amazon.com/images/I/61p8q8wpWVL._SY88.jpg; https://images-na.ssl-images-amazon.com/images/I/71nQNjClDyL._SY88.jpg,https://www.amazon.in/WOW-Raw-Apple-Cider-Vinegar/product-reviews/B01AC9G656/ref=cm_cr_getr_d_paging_btm_next_2?ie=UTF8&reviewerType=all_reviews&mediaType=media_reviews_only&pageNumber=2,5-12-2020,Edible,Great Taste,\n I've started using Apple Cider only recently as I have gastric issues and my friend suggested to consume 2 teaspoon of ACV diluted in a glass of water in the morning and night. The result was good and now the bloating has subsided to a great extent. Wow ACV tastes much better than the other brand and I feel that the product is superior. Watch out for lightning deals in amazon to save some bucks\n,noncomplaint,non-sarcastic,happiness,positive,noncomplaint,quality,0.0,taste,0.0,packaging,0.0,,,,0,"[['quality', 0], ['taste', 0], ['service', 0]]","[['quality', 0], ['taste', 0], ['packaging', 0]]",,,,,"[['quality', 0, 'nan'], ['taste', 0, 'nan'], ['packaging', 0, 'nan']]"
39,39,538,https://images-na.ssl-images-amazon.com/images/I/71OSzm0HpnL._SY88.jpg,https://www.amazon.in/Maggi-Masala-Noodles-Singles-840g/product-reviews/B079TXZ142/ref=cm_cr_arp_d_viewopt_mdrvw?ie=UTF8&reviewerType=all_reviews&mediaType=media_reviews_only&pageNumber=1,2-11-2018,Edible,Freaking ants inside in it!,\n Family fun pack! They supposedly forgot to mention its as ant family. God dammit there was live 🐜 ants in it! Are you serious! I just throwed it\n,complaint,sarcastic,disgust,negative,blame,packaging,1.0,,,,,,,,1,"[['packaging', 1]]","[['packaging', 1]]",Freaking ants inside in it,,,,"[['packaging', 1, 'Freaking ants inside in it']]"
40,40,38,https://images-na.ssl-images-amazon.com/images/I/71ENcfp5UUL._SY88.jpg,https://www.amazon.in/Sunfeast-Moms-Magic-Cashew-Almond/product-reviews/B07Q7L6SRG/ref=cm_cr_arp_d_viewopt_mdrvw?ie=UTF8&reviewerType=all_reviews&mediaType=media_reviews_only&pageNumber=1,13-05-2020,Edible,Quality no 1 with value 4 💰 money.,\n 1. Value for money.\n2. Better then good day biscuits.\n3. Four separate pack in one air tight bag.\n4. Packaging was very good hence the biscuits very not damaged...\n5. Good taste feels like keep eating.\n,noncomplaint,non-sarcastic,happiness,positive,noncomplaint,price,0.0,packaging,0.0,taste,0.0,,,,0,"[['price', 0], ['packaging', 0], ['taste', 0]]","[['price', 0], ['packaging', 0], ['taste', 0]]",,,,,"[['price', 0, 'nan'], ['packaging', 0, 'nan'], ['taste', 0, 'nan']]"
41,41,1,https://images-na.ssl-images-amazon.com/images/I/61IXAu6LD3L._SY88.jpg,https://www.amazon.in/Pintola-Natural-Crunchy-Unsweetened-Non-GMO/product-reviews/B06XFSSDNH/ref=cm_cr_getr_d_paging_btm_next_2?ie=UTF8&reviewerType=all_reviews&mediaType=media_reviews_only&pageNumber=2,25-04-2019,Edible,Best in the market.,"\n This is an amazing product. The box I got was new, and the MFG is just the previous month.\nBefore I come to the actually taste, I would like to inform you that only 100% natural have that oil separation from the nuts, if exposed to warm climates. Therefore, if you see that it's too liquidy, it's GOOD. It signifies that no emulsifiers had been used, which other companies such as Sundrop and Disano use. However, to get the solid texture back, mix the peanut butter for a while (it was quite a job to do in the 2.5 KG box), and put it in the fridge. It'll have a solid texture by the next morning. I use it to make mass gainers and oats, and rarely as a spread.\nWell. Now, coming to the taste, to be honest, if you have tried sweetened peanut butter, or something like Nutella, this will taste worse. Because it's healthier!\n\nBut, worse does NOT mean 'bad'. You'll get used to the taste quite soon, it's like an unflavored protein powder, or like pure paneer, if you get my point. No special taste, neither good nor bad. I've done the math, 2.5kg saves a lot of money, so I bought that one. It's up to you, but that box will definitely last you a few months. I'll try the Organic Peanut Butter after this, since I love this one. Get this over any other brand.\nYou'll not regret it.\n",noncomplaint,non-sarcastic,happiness,neutral,noncomplaint,quality,0.0,,,,,,,,0,"[['quality', 0]]","[['quality', 0]]",,,,,"[['quality', 0, 'nan']]"
42,42,0,https://images-na.ssl-images-amazon.com/images/I/B1h2CwClXYS._SY88.jpg,https://www.amazon.in/Aashirvaad-Shudh-Chakki-Atta/product-reviews/B01H5KRD2K/ref=cm_cr_getr_d_paging_btm_next_8?ie=UTF8&reviewerType=all_reviews&mediaType=media_reviews_only&pageNumber=8,20-05-2021,Edible,Perfect,\n Package is perfect.delivery on time.have not used so can't say right now about quality but it seems perfect to me.thank u amazon\n,noncomplaint,non-sarcastic,happiness,positive,noncomplaint,packaging,0.0,packaging,0.0,,,,,,0,"[['packaging', 0], ['service', 0]]","[['packaging', 0], ['packaging', 0]]",,,,,"[['packaging', 0, 'nan'], ['packaging', 0, 'nan']]"
43,43,0,https://images-na.ssl-images-amazon.com/images/I/71v6sQX9qCL._SY88.jpg,https://www.amazon.in/Tata-Sampann-Besan-1kg/product-reviews/B01K4F6SHO/ref=cm_cr_getr_d_paging_btm_next_2?ie=UTF8&reviewerType=all_reviews&mediaType=media_reviews_only&pageNumber=2,25-06-2020,Edible,Be Indian Buy Indian,\n TATA has always been exceptional in whatever field they are working on\nAll the products of Tata sampann are just marvelous.\nTata sampann besan is high quality besan and has a brilliant taste .\n,noncomplaint,non-sarcastic,happiness,positive,noncomplaint,quality,0.0,taste,0.0,,,,,,0,"[['quality', 0], ['taste', 0]]","[['quality', 0], ['taste', 0]]",,,,,"[['quality', 0, 'nan'], ['taste', 0, 'nan']]"
44,44,0,https://images-na.ssl-images-amazon.com/images/I/71ADI7lhQmL._SY88.jpg; https://images-na.ssl-images-amazon.com/images/I/71X3zR0+1tL._SY88.jpg; https://images-na.ssl-images-amazon.com/images/I/71jmupGj4PL._SY88.jpg; https://images-na.ssl-images-amazon.com/images/I/81jpr-aM2dL._SY88.jpg,https://www.amazon.in/Fortune-Rozana-Basmati-Rice-5kg/product-reviews/B01H5L5Y8O/ref=cm_cr_arp_d_viewopt_mdrvw?ie=UTF8&reviewerType=all_reviews&mediaType=media_reviews_only&pageNumber=1,2-10-2020,Edible,The Rice is totally infected with Fungi and Bacteria...,"\n After I opened the bag, I found to my utter surprize, rather shock, that the Rice is totally solidified inside and is infected with Fungi and Bacteria...\n\nI received the bag of rice in the month of April and I opened it after 2 months and I found this (please refer the images attached). The date on the bag is March 2020 and the validity is 2 years from that. So can you imagine how this happened. Im totally clueless.\nI want my total money back for this. I Amazon playing with its Customers? And that's too with food material?\nLet's move this case to the consumer forum court and lets see whats happeneing there???\n\nRajib Saha\nSalt Lake City\nKolkata 91\n+91-9836191170\n",complaint,non-sarcastic,disgust,negative,accusation,quality,1.0,packaging,1.0,packaging,1.0,,,,1,"[['quality', 1], ['packaging', 1], ['service', 1]]","[['quality', 1], ['packaging', 1], ['packaging', 1]]", totally infected ,Amazon playing with its Customers,,,"[['quality', 1, ' totally infected '], ['packaging', 1, 'Amazon playing with its Customers'], ['packaging', 1, 'nan']]"
45,45,0,https://images-na.ssl-images-amazon.com/images/I/71hhPqvS5kL._SY88.jpg; https://images-na.ssl-images-amazon.com/images/I/81MJ6ZlTLaL._SY88.jpg; https://images-na.ssl-images-amazon.com/images/I/81l8JyzgysL._SY88.jpg,https://www.amazon.in/Karachi-Bakery-Fruit-Biscuits-400g/product-reviews/B00YDG4IXW/ref=cm_cr_getr_d_paging_btm_next_3?ie=UTF8&reviewerType=all_reviews&mediaType=media_reviews_only&pageNumber=3,04-07-2020,Edible,Return my money,\n Expired product of more than 30days...Damaged as well.\n,complaint,non-sarcastic,anger,negative,noexplicitreproach,quality,1.0,,,,,,,,1,"[['quality', 1]]","[['quality', 1]]", Expired product,Damaged as well,,,"[['quality', 1, ' Expired product']]"
46,46,0,https://images-na.ssl-images-amazon.com/images/I/91NhczlkGCL._SY88.jpg; https://images-na.ssl-images-amazon.com/images/I/91VXvWc-3NL._SY88.jpg; https://images-na.ssl-images-amazon.com/images/I/91h2jl-cikL._SY88.jpg,https://www.amazon.in/Bikano-Besan-Special-Laddu-400g/product-reviews/B07HLVK7J7/ref=cm_cr_arp_d_viewopt_mdrvw?ie=UTF8&reviewerType=all_reviews&mediaType=media_reviews_only&pageNumber=1,18-03-2021,Edible,Indian delicacy at its best,"\n Recvd 2 packets, 1 open, 1 sealed, weight photo is attached.\n\nIt's tasty and value for money, I have reordered it after a month.\n\nIncase some one intentionally opened it and consumed it, I don't have problems. ( Till it is not more than 20 pct of ordered size).\n\nBeware every user is different and Amazon might have to pay for similar mistake.\nI can understand urge to consume it.\n",noncomplaint,non-sarcastic,happiness,neutral,noncomplaint,price,0.0,quality,0.0,taste,0.0,,,,0,"[['price', 0], ['quality', 0], ['taste', 0]]","[['price', 0], ['quality', 0], ['taste', 0]]",,,,,"[['price', 0, 'nan'], ['quality', 0, 'nan'], ['taste', 0, 'nan']]"
47,47,0,https://images-na.ssl-images-amazon.com/images/I/71IQmgBEBtL._SY88.jpg; https://images-na.ssl-images-amazon.com/images/I/71ak3o0FVPL._SY88.jpg,https://www.amazon.in/Sunfeast-Farmlite-Digestive-Almonds-Biscuits/product-reviews/B01CHUSWOG/ref=cm_cr_getr_d_paging_btm_next_3?ie=UTF8&reviewerType=all_reviews&mediaType=media_reviews_only&pageNumber=3,5-12-2018,Edible,No product delivered,\n Product was found torn inside the delivery box.\nContents were not there\n,complaint,non-sarcastic,anger,negative,noexplicitreproach,packaging,1.0,packaging,1.0,,,,,,1,"[['packaging', 1], ['service', 1]]","[['packaging', 1], ['packaging', 1]]",found torn inside,No product delivered,,,"[['packaging', 1, 'found torn inside'], ['packaging', 1, 'No product delivered']]"
48,48,0,https://images-na.ssl-images-amazon.com/images/I/81wfyn2H72L._SY88.jpg,https://www.amazon.in/Sunfeast-Farmlite-Digestive-Almonds-Biscuits/product-reviews/B01CHUSWOG/ref=cm_cr_getr_d_paging_btm_next_2?ie=UTF8&reviewerType=all_reviews&mediaType=media_reviews_only&pageNumber=2,07-05-2020,Edible,Product is good but not value for money.,\n you will get only 16 buiscuits in this whole pack there are 8 small packages of 2 buiscuits that's it.\n,complaint,non-sarcastic,sadness,negative,noexplicitreproach,quality,0.0,price,1.0,,,,,,1,"[['quality', 0], ['price', 1]]","[['quality', 0], ['price', 1]]",Product is good,not value for money,,,"[['quality', 0, 'Product is good'], ['price', 1, 'not value for money']]"
49,49,0,https://images-na.ssl-images-amazon.com/images/I/71TvW5J13KL._SY88.jpg,https://www.amazon.in/Sunfeast-Farmlite-Digestive-Almonds-Biscuits/product-reviews/B01CHUSWOG/ref=cm_cr_getr_d_paging_btm_next_3?ie=UTF8&reviewerType=all_reviews&mediaType=media_reviews_only&pageNumber=3,10-07-2020,Edible,Expired product,\n Send expired product\n,complaint,non-sarcastic,sadness,negative,blame,quality,1.0,,,,,,,,1,"[['quality', 1]]","[['quality', 1]]",Expired product,,,,"[['quality', 1, 'Expired product']]"
50,50,1,https://images-na.ssl-images-amazon.com/images/I/A11QPdNQRgL._SY88.jpg; https://images-na.ssl-images-amazon.com/images/I/A1YMUkVvH9L._SY88.jpg,https://www.amazon.in/Girnar-Green-Desi-Kahwa-Bags/product-reviews/B01CE7D8BY/ref=cm_cr_arp_d_viewopt_mdrvw?ie=UTF8&reviewerType=all_reviews&mediaType=media_reviews_only&pageNumber=1,14-03-2021,Edible,"Good tea, bad package.","\n Lovely tea. Refreshing after trying out all the flavoured sweet ones.\n\nPackaging is a different ball game. No information on batch, month and year of packaging and MRP. They have stuck bill on top of instruction which tears it apart. Very poor. Would complain to authorities for the poor packaging and information hid because of the same\n",complaint,non-sarcastic,sadness,neutral,blame,quality,0.0,packaging,1.0,,,,,,1,"[['quality', 0], ['packaging', 1]]","[['quality', 0], ['packaging', 1]]",Lovely tea,"No information on batch, month and year of packaging and MRP",,,"[['quality', 0, 'Lovely tea'], ['packaging', 1, 'No information on batch, month and year of packaging and MRP']]"
51,51,0,https://images-na.ssl-images-amazon.com/images/I/61um3xKFb+L._SY88.jpg; https://images-na.ssl-images-amazon.com/images/I/71g1ou6qrOL._SY88.jpg; https://images-na.ssl-images-amazon.com/images/I/71plINzP7vL._SY88.jpg; https://images-na.ssl-images-amazon.com/images/I/71rEmxxZwZL._SY88.jpg,https://www.amazon.in/Nescafe-Classic-Coffee-Glass-100g/product-reviews/B01GO1633Q/ref=cm_cr_arp_d_paging_btm_next_2?ie=UTF8&reviewerType=all_reviews&mediaType=media_reviews_only&pageNumber=2,11-11-2020,Edible,Excellent flavour must buy,"\n This packet test is awesome, actually I always buy small pack of Nescafe, but it's test is more more, smell is more, and big size\n",noncomplaint,non-sarcastic,happiness,neutral,noncomplaint,taste,0.0,quality,0.0,,,,,,0,"[['taste', 0], ['quality', 0]]","[['taste', 0], ['quality', 0]]",,,,,"[['taste', 0, 'nan'], ['quality', 0, 'nan']]"
52,52,2,https://images-na.ssl-images-amazon.com/images/I/71PMUxP6bGL._SY88.jpg; https://images-na.ssl-images-amazon.com/images/I/71PMUxP6bGL._SY88.jpg; https://images-na.ssl-images-amazon.com/images/I/71XU-sV2RmL._SY88.jpg; https://images-na.ssl-images-amazon.com/images/I/71oWx-MI2eL._SY88.jpg,https://www.amazon.in/Nutella-Hazelnut-Spread-Cocoa-350g/product-reviews/B00LOZWYPO/ref=cm_cr_arp_d_viewopt_mdrvw?ie=UTF8&reviewerType=all_reviews&mediaType=media_reviews_only&pageNumber=1,6-10-2020,Edible,Bottle isn't sealed and the spread has leaked out!,"\n The bottle wasn't sealed when I unwrapped the packaging and also the choclate spread is all leaked out badly... There is NO MRP, NO MFG. DATE, NO EXPIRY AND NO BATCH NO. OVER THE BOTTLE.... WHAT SORT OF PRODUCTS IS AMAZON PROMOTING AND SELLING...\nDUE TO THIS PANDEMIC SITUATION THIS TYPE OF NEGLIGENCY IS HIGHLY RISKY AND ALSO CONSUMING SUCH CONDITION PRODUCT WOULD BE IMPOSSIBLE!!!\nPLZ TAKE RETURN OF THIS AND REFUND MY AMOUNT BACK!\n",complaint,non-sarcastic,disgust,negative,accusation,packaging,1.0,packaging,1.0,,,,,,1,"[['packaging', 1], ['service', 1]]","[['packaging', 1], ['packaging', 1]]", bottle wasn't sealed,NO EXPIRY AND NO BATCH NO. OVER THE BOTTLE,,,"[['packaging', 1, "" bottle wasn't sealed""], ['packaging', 1, 'NO EXPIRY AND NO BATCH NO. OVER THE BOTTLE']]"
53,53,1,https://images-na.ssl-images-amazon.com/images/I/71Ul+Cj4jdL._SY88.jpg; https://images-na.ssl-images-amazon.com/images/I/71pA43Jy6TL._SY88.jpg,https://www.amazon.in/Aashirvaad-Shudh-Chakki-Atta/product-reviews/B01H5KRD2K/ref=cm_cr_getr_d_paging_btm_next_5?ie=UTF8&reviewerType=all_reviews&mediaType=media_reviews_only&pageNumber=5,02-08-2020,Edible,Damage packet received,\n I ordered 2 10kg package ..1 packet was good..and another one came damage in condition. Packaging was not good for both packets.\n,complaint,non-sarcastic,sadness,neutral,disapproval,packaging,1.0,quality,1.0,,,,,,1,"[['packaging', 1], ['quality', 1]]","[['packaging', 1], ['quality', 1]]",damage in condition,,,,"[['packaging', 1, 'damage in condition'], ['quality', 1, 'nan']]"
54,54,0,https://images-na.ssl-images-amazon.com/images/I/519t7ItG1tL._SY88.jpg; https://images-na.ssl-images-amazon.com/images/I/51glEhQgYXL._SY88.jpg; https://images-na.ssl-images-amazon.com/images/I/61-g06X-DVL._SY88.jpg,https://www.amazon.in/Sunfeast-Farmlite-Digestive-Almonds-Biscuits/product-reviews/B01CHUSWOG/ref=cm_cr_getr_d_paging_btm_next_3?ie=UTF8&reviewerType=all_reviews&mediaType=media_reviews_only&pageNumber=3,18-10-2019,Edible,Tastes better but not seen almonds in it.,\n The presentation is good but the tastes was quite good. Compare to normal biscuits its better and more nutritions.\nGo for it. Try once.\n,complaint,non-sarcastic,disgust,neutral,noexplicitreproach,packaging,1.0,taste,0.0,,,,,,0,"[['packaging', 1], ['taste', 0]]","[['packaging', 1], ['taste', 0]]",tastes was quite good,not seen almonds in it,,,"[['packaging', 1, 'tastes was quite good'], ['taste', 0, 'not seen almonds in it']]"
55,55,30,https://images-na.ssl-images-amazon.com/images/I/71Hw7lYAkmL._SY88.jpg; https://images-na.ssl-images-amazon.com/images/I/71MtSTV+wYL._SY88.jpg; https://images-na.ssl-images-amazon.com/images/I/71cLiwdNelL._SY88.jpg,https://www.amazon.in/Pintola-Natural-Crunchy-Unsweetened-Non-GMO/product-reviews/B06XFSSDNH/ref=cm_cr_arp_d_viewopt_mdrvw?ie=UTF8&reviewerType=all_reviews&mediaType=media_reviews_only&pageNumber=1,09-08-2018,Edible,Yummyness-High!,"\n seriously it is very tasty and healthy too as it contains Fibre and easy digestive fat that is required by our body to perform our day to day activitiesit is 0 in trans fat or cholostrol.This is a pure peanut butter no other things are mixed in it. If you love peenut butter then, trust me it is made for u. it is very creamy and smooth.wonderful product to start ur morning. I really love this product and gonna be purchase again and again.packed with real peanut pieces, making it a dream come true for PB-lovers who prefer the extra crunch.If you are trying the peanut butter for the first time i would suggest you to try&nbsp;PINTOLA PEANUT BUTTER.\n",noncomplaint,non-sarcastic,happiness,positive,noncomplaint,taste,0.0,,,,,,,,0,"[['taste', 0]]","[['taste', 0]]",,,,,"[['taste', 0, 'nan']]"
56,56,1,https://images-na.ssl-images-amazon.com/images/I/71pct3F4Y-L._SY88.jpg,https://www.amazon.in/Nescafe-Classic-Coffee-Glass-100g/product-reviews/B01GO1633Q/ref=cm_cr_arp_d_viewopt_mdrvw?ie=UTF8&reviewerType=all_reviews&mediaType=media_reviews_only&pageNumber=1,16-07-2020,Edible,False advertisement,"\n The bottle capacity is 200 gm and the refill pack i purchased is also the same but as I can see, the bottle is not even filled properly to the top. the product is way too less...\n",complaint,non-sarcastic,sadness,negative,blame,packaging,1.0,packaging ,1.0,,,,,,1,"[['service', 1], ['packaging ', 1]]","[['packaging', 1], ['packaging ', 1]]",not even filled properly,,,,"[['packaging', 1, 'not even filled properly'], ['packaging ', 1, 'nan']]"
57,57,0,https://images-na.ssl-images-amazon.com/images/I/61ZmNT+54NL._SY88.jpg,https://www.amazon.in/Tata-Sampann-Besan-1kg/product-reviews/B01K4F6SHO/ref=cm_cr_getr_d_paging_btm_next_2?ie=UTF8&reviewerType=all_reviews&mediaType=media_reviews_only&pageNumber=2,07-06-2020,Edible,Poor quality besan,"\n The besan that I ordered was low oil absorb tata sampann fine besan (two in number )but the one i received was tata sampann fine besan, not low oil absorb tata sampann fine besan which is better in quality and costlier as well. Kindly refund the difference in my amazon pay balance account.\n",complaint,non-sarcastic,sadness,negative,blame,packaging,1.0,,,,,,,,1,"[['service', 1]]","[['packaging', 1]]",Poor quality besan,,,,"[['packaging', 1, 'Poor quality besan']]"
58,58,13,https://images-na.ssl-images-amazon.com/images/I/71e-odYO19L._SY88.jpg,https://www.amazon.in/Karachi-Bakery-Fruit-Biscuits-400g/product-reviews/B00YDG4IXW/ref=cm_cr_arp_d_viewopt_mdrvw?ie=UTF8&reviewerType=all_reviews&mediaType=media_reviews_only&pageNumber=1,02-01-2018,Edible,Roy,\n Taste is good but the half of the biskit are broke\nAnd if u r paying 160 for a one packet of biskit so u need this on good condition\n,complaint,non-sarcastic,sadness,neutral,noexplicitreproach,taste,0.0,packaging,1.0,,,,,,1,"[['taste', 0], ['packaging', 1]]","[['taste', 0], ['packaging', 1]]",,,,,"[['taste', 0, 'nan'], ['packaging', 1, 'nan']]"
59,59,0,https://images-na.ssl-images-amazon.com/images/I/71HXzjLUrhL._SY88.jpg; https://images-na.ssl-images-amazon.com/images/I/71VVeWB0P-L._SY88.jpg; https://images-na.ssl-images-amazon.com/images/I/71lts8vE9OL._SY88.jpg,https://www.amazon.in/Nescafe-Classic-Coffee-Glass-100g/product-reviews/B01GO1633Q/ref=cm_cr_arp_d_paging_btm_next_2?ie=UTF8&reviewerType=all_reviews&mediaType=media_reviews_only&pageNumber=2,27-06-2020,Edible,"Amazon Pantry sent un-sealed product and defective product, which is non returnable.","\n Amazon Pantry delivered a box pack for Cooking Oil and Coffee last week. Today when I opened the box, i saw the coffee was not properly sealed as shown in the picture and the coffee power became solid. I just waste my Rs 150. Also, I saw a sticker on the backside of the coffee jar and looks like it was defective item.\n",complaint,non-sarcastic,anger,negative,accusation,packaging,1.0,packaging,1.0,quality,1.0,,,,1,"[['packaging', 1], ['sevice', 1], ['quality', 1]]","[['packaging', 1], ['packaging', 1], ['quality', 1]]",not properly sealed,defective item,,,"[['packaging', 1, 'not properly sealed'], ['packaging', 1, 'defective item'], ['quality', 1, 'nan']]"
60,60,1,https://images-na.ssl-images-amazon.com/images/I/61YKZCElhiL._SY88.jpg; https://images-na.ssl-images-amazon.com/images/I/61au7OV1cYL._SY88.jpg; https://images-na.ssl-images-amazon.com/images/I/7181mTGAfNL._SY88.jpg; https://images-na.ssl-images-amazon.com/images/I/71EuM-5KRbL._SY88.jpg,https://www.amazon.in/Lipton-Honey-Lemon-Green-Pieces/product-reviews/B01HMQ4HLW/ref=cm_cr_arp_d_viewopt_mdrvw?ie=UTF8&reviewerType=all_reviews&mediaType=media_reviews_only&pageNumber=1,29-07-2020,Edible,Awesome product🥰,"\n Hi guys ,I regularly use to purchase in Amazon ,Lipton honey n lemon flavour tea,I saw many bad reviews abt this product actually it's not true, trust me it's a very good product ,don't ignore this product, by seeing bad reviews ,blindly go fr it. #I love it😘 #Hope u too wil..!!\n",noncomplaint,non-sarcastic,happiness,positive,noncomplaint,packaging,0.0,quality,0.0,,,,,,0,"[['service', 0], ['quality', 0]]","[['packaging', 0], ['quality', 0]]",,,,,"[['packaging', 0, 'nan'], ['quality', 0, 'nan']]"
61,61,0,https://images-na.ssl-images-amazon.com/images/I/61FZoFAQiiL._SY88.jpg,https://www.amazon.in/Sunfeast-Farmlite-Digestive-Almonds-Biscuits/product-reviews/B01CHUSWOG/ref=cm_cr_getr_d_paging_btm_next_3?ie=UTF8&reviewerType=all_reviews&mediaType=media_reviews_only&pageNumber=3,19-12-2020,Edible,ITC excellent product,\n Excellent\n,noncomplaint,non-sarcastic,happiness,positive,noncomplaint,quality,0.0,,,,,,,,0,"[['quality', 0]]","[['quality', 0]]",,,,,"[['quality', 0, 'nan']]"
62,62,1,https://images-na.ssl-images-amazon.com/images/I/61KM7dVU0WL._SY88.jpg,https://www.amazon.in/Aashirvaad-Shudh-Chakki-Atta/product-reviews/B01H5KRD2K/ref=cm_cr_getr_d_paging_btm_next_2?ie=UTF8&reviewerType=all_reviews&mediaType=media_reviews_only&pageNumber=2,23-12-2020,Edible,Please return both products.,"\n Both the Packet are open at the top of crease. Since both the packs are open in the same way I think there is some kind of STEALING happening at Amazon godown on a very large scale since there is no visible effect on the quantity of packets. I am pretty sure about stealing because on both packets the openings are only at the top but not at bottom. If the opening would have been at the bottom then the flour would come out of the packet and the whole scam would have been exposed. Moreover Foul smell is coming from both packets. That means, the packet was opened long time ago. Anyways, this shouldn't happen with innocent customers or AMAZON SHOULD CLEARLY MENTION "" PURCHASE ON YOUR OWN RISK"". Also, please initiate my return or refund process as soon as you can. I URGE ALL THE CUSTOMERS, PLEASE CHECK FOR THIS TYPE OF OPENING ON YOUR PACKETS OF ASHIRVAAD AATA AS IT IS IN THE PICTURE ATTACHED.\n",complaint,non-sarcastic,anger,negative,accusation,packaging,1.0,packaging,1.0,smell,1.0,,,,1,"[['packaging', 1], ['service', 1], ['smell', 1]]","[['packaging', 1], ['packaging', 1], ['smell', 1]]",Packet are open,STEALING happening at Amazon godown,Foul smell,,"[['packaging', 1, 'Packet are open'], ['packaging', 1, 'STEALING happening at Amazon godown'], ['smell', 1, 'Foul smell']]"
63,63,0,https://images-na.ssl-images-amazon.com/images/I/81p61IMhnjL._SY88.jpg,https://www.amazon.in/Aashirvaad-Shudh-Chakki-Atta/product-reviews/B01H5KRD2K/ref=cm_cr_getr_d_paging_btm_next_8?ie=UTF8&reviewerType=all_reviews&mediaType=media_reviews_only&pageNumber=8,23-12-2020,Edible,Not a soft rooti,\n Disappointing ROTI of this Atta.\n,complaint,non-sarcastic,sadness,negative,noexplicitreproach,quality,1.0,,,,,,,,1,"[['quality', 1]]","[['quality', 1]]",Not a soft rooti,,,,"[['quality', 1, 'Not a soft rooti']]"
64,64,0,https://images-na.ssl-images-amazon.com/images/I/81PZPxt65qL._SY88.jpg; https://images-na.ssl-images-amazon.com/images/I/81zrgJwaQoL._SY88.jpg,https://www.amazon.in/WOW-Raw-Apple-Cider-Vinegar/product-reviews/B01AC9G656/ref=cm_cr_arp_d_viewopt_mdrvw?ie=UTF8&reviewerType=all_reviews&mediaType=media_reviews_only&pageNumber=1,19-12-2020,Edible,Mind-blowing purchase and Highly recommended,"\n I'm using it for more than 5 months now. It helps in improving digestion and reducing belly fat but it will not work until and unless you hit the gym or do some workout and control ur diet. It's like combo effect of ACV + Dieting + Exercise = weight loss\nIf you think Apple Cider Vinegar is enough to control your weight, then you're wrong. It will not reduce even 500g of it. You have to control diet and track your calories but seriously, it's too good. Taste wise also it's really nice and I can see the results. Just use 2 tablespoon of it in lukewarm water in empty stomach in morning and same in evening after meal.\n",noncomplaint,non-sarcastic,happiness,positive,noncomplaint,taste,0.0,quality,0.0,,,,,,0,"[['taste', 0], ['quality', 0]]","[['taste', 0], ['quality', 0]]",,,,,"[['taste', 0, 'nan'], ['quality', 0, 'nan']]"
65,65,1,https://images-na.ssl-images-amazon.com/images/I/71RJeh-0fUL._SY88.jpg; https://images-na.ssl-images-amazon.com/images/I/81Vo2ocm+OL._SY88.jpg; https://images-na.ssl-images-amazon.com/images/I/81w2U9djjVL._SY88.jpg,https://www.amazon.in/Zandu-Pure-Honey-Purity-Squ-Easy/product-reviews/B08PFN5C9P/ref=cm_cr_getr_d_paging_btm_next_2?ie=UTF8&reviewerType=all_reviews&mediaType=media_reviews_only&pageNumber=2,13-12-2020,Edible,Best honey ever...!,"\n Wonderful product serves it purpose for my health issues. Light sweet flavor, Smooth consistency. The honey arrived wrapped in bubble wrap with the seal intact. Its delicious and the hole in the top easy to get a teaspoon into. Best of all, the bottle is glass not plastic! The best quality products are expensive but so worth it when it comes to your health. Genuinely it has helped with cough and sore throat, especially during winter time when pollution and viral infections are so high. It’s truly a natural product with an amazing taste! It’s healthy for the kids too!\n",noncomplaint,non-sarcastic,happiness,positive,noncomplaint,quality,0.0,taste,0.0,,,,,,0,"[['quality', 0], ['taste', 0]]","[['quality', 0], ['taste', 0]]",,,,,"[['quality', 0, 'nan'], ['taste', 0, 'nan']]"
66,66,0,https://images-na.ssl-images-amazon.com/images/I/714g6ONAy4L._SY88.jpg,https://www.amazon.in/Karachi-Bakery-Fruit-Biscuits-400g/product-reviews/B00YDG4IXW/ref=cm_cr_getr_d_paging_btm_next_2?ie=UTF8&reviewerType=all_reviews&mediaType=media_reviews_only&pageNumber=2,08-07-2020,Edible,Very bad packaging,\n From inside it was broken into pieces which was totally unexpected the way it was packed that was unexpected. Fully disappointed.\n,complaint,non-sarcastic,sadness,negative,disapproval,packaging,1.0,quality,1.0,,,,,,1,"[['packaging', 1], ['quality', 1]]","[['packaging', 1], ['quality', 1]]",Very bad packaging,,,,"[['packaging', 1, 'Very bad packaging'], ['quality', 1, 'nan']]"
67,67,0,https://images-na.ssl-images-amazon.com/images/I/61HJYtv3ZoL._SY88.jpg; https://images-na.ssl-images-amazon.com/images/I/61I5uPnbIrL._SY88.jpg,https://www.amazon.in/Tata-Salt-1kg/product-reviews/B01HBF5WBI/ref=cm_cr_arp_d_viewopt_mdrvw?ie=UTF8&reviewerType=all_reviews&mediaType=media_reviews_only&pageNumber=1,5-11-2020,Edible,Nice product,"\n The packet was bit toned 😑so salt came out of the box I think the packaging should be done more efficiently so that the customer get unsatisfied ,rather than that Qualified product at a reasonable price ,perfect packaging also in good condition . It's perfect for daily routine . People should surely buy it. I am satisfied with it.😁😁\n",noncomplaint,non-sarcastic,happiness,neutral,noncomplaint,price,0.0,quality,0.0,,,,,,0,"[['price', 0], ['quality', 0]]","[['price', 0], ['quality', 0]]",,,,,"[['price', 0, 'nan'], ['quality', 0, 'nan']]"
68,68,1,https://images-na.ssl-images-amazon.com/images/I/91s802I5WHL._SY88.jpg,https://www.amazon.in/Fortune-Rozana-Basmati-Rice-5kg/product-reviews/B01H5L5Y8O/ref=cm_cr_getr_d_paging_btm_next_2?ie=UTF8&reviewerType=all_reviews&mediaType=media_reviews_only&pageNumber=2,26-01-2021,Edible,Not Basmati; fake...,"\n So, we bought this product a while ago and decided to use this variety for making Briyani for Republic day celeb. What a disappointment!! It is NOT Basmati; we call it Seeraga Samba in Tamilnadu. The taste of Briyani was totally messed up. I am so disappointed, not going to buy again this brand again and be fooled.\n",complaint,non-sarcastic,disgust,negative,disapproval,quality,1.0,,,,,,,,1,"[['quality', 1]]","[['quality', 1]]",fake,,,,"[['quality', 1, 'fake']]"
69,69,0,https://images-na.ssl-images-amazon.com/images/I/B1B5kqS5n9S._SY88.jpg; https://images-na.ssl-images-amazon.com/images/I/B1aNO+d3F0S._SY88.jpg; https://images-na.ssl-images-amazon.com/images/I/B1xy6VltnMS._SY88.jpg; https://images-na.ssl-images-amazon.com/images/I/C1WZ5eo7CxS._SY88.jpg,https://www.amazon.in/UNIBIC-Fruit-Nut-Cookies-500/product-reviews/B07XTV73V2/ref=cm_cr_getr_d_paging_btm_next_2?ie=UTF8&reviewerType=all_reviews&mediaType=media_reviews_only&pageNumber=2,23-02-2021,Edible,Very very bed package.,\n All biscuit are totaly broken.\nVery very bed package.\n,complaint,non-sarcastic,anger,negative,noexplicitreproach,packaging,1.0,,,,,,,,1,"[['packaging', 1]]","[['packaging', 1]]",very bad package,,,,"[['packaging', 1, 'very bad package']]"
70,70,0,https://images-na.ssl-images-amazon.com/images/I/71aBwplU+wL._SY88.jpg,https://www.amazon.in/Aashirvaad-Shudh-Chakki-Atta/product-reviews/B01H5KRD2K/ref=cm_cr_getr_d_paging_btm_next_8?ie=UTF8&reviewerType=all_reviews&mediaType=media_reviews_only&pageNumber=8,15-08-2020,Edible,Hole in the packet,\n I brought a samrat atta but there's a big hole in that packet. It looking like rat or something ate the packet. And that is very disappointing. And i dont even have an option of return.\n,complaint,non-sarcastic,disgust,negative,blame,packaging,1.0,packaging,1.0,,,,,,1,"[['packaging', 1], ['service', 1]]","[['packaging', 1], ['packaging', 1]]",Hole in the packet,very disappointing,,,"[['packaging', 1, 'Hole in the packet'], ['packaging', 1, 'very disappointing']]"
71,71,12,https://images-na.ssl-images-amazon.com/images/I/71pkHRWY8fL._SY88.jpg,https://www.amazon.in/Tata-Salt-1kg/product-reviews/B01HBF5WBI/ref=cm_cr_arp_d_viewopt_mdrvw?ie=UTF8&reviewerType=all_reviews&mediaType=media_reviews_only&pageNumber=1,29-12-2018,Edible,Packet was torned,\n The packet was torned and QR sticker was sticked to cover the torned area it may be the fault of packaging team but I should not give such products to customers...rest all are good\n,complaint,non-sarcastic,sadness,neutral,blame,packaging,1.0,,,,,,,,1,"[['packaging', 1]]","[['packaging', 1]]",packet was torned,,,,"[['packaging', 1, 'packet was torned']]"
72,72,1,https://images-na.ssl-images-amazon.com/images/I/71CkCh1QzOL._SY88.jpg; https://images-na.ssl-images-amazon.com/images/I/71ET1TALB3L._SY88.jpg; https://images-na.ssl-images-amazon.com/images/I/71KcM+iTSjL._SY88.jpg; https://images-na.ssl-images-amazon.com/images/I/71dNgUPlz0L._SY88.jpg,https://www.amazon.in/Yogabar-Wholegrain-Breakfast-Muesli-Chocolate/product-reviews/B07X5834FK/ref=cm_cr_getr_d_paging_btm_next_2?ie=UTF8&reviewerType=all_reviews&mediaType=media_reviews_only&pageNumber=2,27-07-2019,Edible,Hands down the best muesli out there .,"\n Huge fan of muesli and thought of trying this .\nThere isn't a single thing that I didn't like.\nGood delivery and packaging.\nResealable packet\nAnd muesli is amazing. It got pistachios, crunchy cereals and rolled oats along with dry fruits. So amazing to eat. Even a fistful is very fulfilling. I can not have enough of it. 10 stars from my side.\n",noncomplaint,non-sarcastic,happiness,positive,noncomplaint,packaging,0.0,packaging,0.0,quality,0.0,,,,0,"[['packaging', 0], ['service', 0], ['quality', 0]]","[['packaging', 0], ['packaging', 0], ['quality', 0]]",,,,,"[['packaging', 0, 'nan'], ['packaging', 0, 'nan'], ['quality', 0, 'nan']]"
73,73,19,https://images-na.ssl-images-amazon.com/images/I/81X+aWzPeiL._SY88.jpg; https://images-na.ssl-images-amazon.com/images/I/81xrB+O7xRL._SY88.jpg,https://www.amazon.in/Yogabar-Wholegrain-Breakfast-Muesli-Chocolate/product-reviews/B07X5834FK/ref=cm_cr_arp_d_viewopt_mdrvw?ie=UTF8&reviewerType=all_reviews&mediaType=media_reviews_only&pageNumber=1,06-08-2020,Edible,Best healthy breakfast cereal,"\n &nbsp;Yogabar muesli+ is a healthier and full of antioxidants and omega-3 rich breakfast cereal!\nIt majorly has whole grains, nuts, seeds, and too much dried fruits. Its a high protein and fibre meal. I love the combination of cranberry with my fav dark chocolate. I loves the flavor and quality of ingredients is superb. most importantly its gluten free.\n",noncomplaint,non-sarcastic,happiness,positive,noncomplaint,quality,0.0,taste,0.0,,,,,,0,"[['quality', 0], ['taste', 0]]","[['quality', 0], ['taste', 0]]",,,,,"[['quality', 0, 'nan'], ['taste', 0, 'nan']]"
74,74,0,https://images-na.ssl-images-amazon.com/images/I/C1PLBzA1YHS._SY88.jpg,https://www.amazon.in/Lipton-Honey-Lemon-Green-Pieces/product-reviews/B01HMQ4HLW/ref=cm_cr_getr_d_paging_btm_next_2?ie=UTF8&reviewerType=all_reviews&mediaType=media_reviews_only&pageNumber=2,15-04-2021,Edible,"It's bitter and acrid, Duplicate product",\n Not good flavor. I don't see lemon flavor which taking. It's bitter.\n,complaint,non-sarcastic,disgust,negative,disapproval,taste,1.0,quality,1.0,,,,,,1,"[['taste', 1], ['quality', 1]]","[['taste', 1], ['quality', 1]]",Not good flavor,Duplicate product,,,"[['taste', 1, 'Not good flavor'], ['quality', 1, 'Duplicate product']]"
75,75,0,https://images-na.ssl-images-amazon.com/images/I/718OnnRrOKL._SY88.jpg; https://images-na.ssl-images-amazon.com/images/I/81xLQZxGqRL._SY88.jpg,https://www.amazon.in/Fortune-Rozana-Basmati-Rice-5kg/product-reviews/B01H5L5Y8O/ref=cm_cr_getr_d_paging_btm_next_2?ie=UTF8&reviewerType=all_reviews&mediaType=media_reviews_only&pageNumber=2,24-11-2020,Edible,Go for it blindly.. I have bought more than 20 packs till now..!!,\n I have been using this rice for last 8 months... And i ordered more than 20 packets till now. Have no problems at all.. And this is way better than any rice at this price at nearby shops.. So go with is blindly and thank me later..\n😊😊😊\n,noncomplaint,non-sarcastic,happiness,positive,noncomplaint,quality,0.0,,,,,,,,0,"[['quality', 0]]","[['quality', 0]]",,,,,"[['quality', 0, 'nan']]"
76,76,0,https://images-na.ssl-images-amazon.com/images/I/61c3Mp0xCdL._SY88.jpg; https://images-na.ssl-images-amazon.com/images/I/71MNJATDe6L._SY88.jpg,https://www.amazon.in/Pintola-Natural-Crunchy-Unsweetened-Non-GMO/product-reviews/B06XFSSDNH/ref=cm_cr_getr_d_paging_btm_next_3?ie=UTF8&reviewerType=all_reviews&mediaType=media_reviews_only&pageNumber=3,29-08-2020,Edible,Must buy product ⭐⭐⭐⭐⭐,\n Very very happy woth Pintola....\nGreat taste....Easy to spread....\nThe best thing I found is the ingredients.\nBecause its ingredient is only roasted peanuts. All natural peanut butter.\nThis is my first time of peanut butter and I am very very satisfied by pintola.\nThr crunchy peanuts are so delicious......😋😋😋😋😋😋😋😋\n,noncomplaint,non-sarcastic,happiness,positive,noncomplaint,taste,0.0,quality,0.0,,,,,,0,"[['taste', 0], ['quality', 0]]","[['taste', 0], ['quality', 0]]",,,,,"[['taste', 0, 'nan'], ['quality', 0, 'nan']]"
77,77,1,https://images-na.ssl-images-amazon.com/images/I/715kmdqEP8L._SY88.jpg,https://www.amazon.in/UNIBIC-Fruit-Nut-Cookies-500/product-reviews/B07XTV73V2/ref=cm_cr_getr_d_paging_btm_next_2?ie=UTF8&reviewerType=all_reviews&mediaType=media_reviews_only&pageNumber=2,31-05-2020,Edible,Packaging was not good,\n Cookies were broken.\n,complaint,non-sarcastic,sadness,negative,noexplicitreproach,packaging,1.0,,,,,,,,1,"[['packaging', 1]]","[['packaging', 1]]",Packaging was not good,Cookies were broken,,,"[['packaging', 1, 'Packaging was not good']]"
78,78,0,https://images-na.ssl-images-amazon.com/images/I/71PR3RsrTTL._SY88.jpg,https://www.amazon.in/UNIBIC-Fruit-Nut-Cookies-500/product-reviews/B07XTV73V2/ref=cm_cr_getr_d_paging_btm_next_2?ie=UTF8&reviewerType=all_reviews&mediaType=media_reviews_only&pageNumber=2,14-12-2020,Edible,Biscuits taste are good but all are broken in to pices,\n All biscuits are broken\n,complaint,non-sarcastic,sadness,negative,noexplicitreproach,taste,0.0,packaging,1.0,,,,,,1,"[['taste', 0], ['packaging', 1]]","[['taste', 0], ['packaging', 1]]",taste are good,biscuits are broken,,,"[['taste', 0, 'taste are good'], ['packaging', 1, 'biscuits are broken']]"
79,79,26,https://images-na.ssl-images-amazon.com/images/I/61cs6bJkzxL._SY88.jpg; https://images-na.ssl-images-amazon.com/images/I/71yj4-rZcIL._SY88.jpg,https://www.amazon.in/ONLY-ORGANIC-Variety-Vegetable-Instruction/product-reviews/B075GFVKG6/ref=cm_cr_arp_d_viewopt_mdrvw?ie=UTF8&reviewerType=all_reviews&mediaType=media_reviews_only&pageNumber=1,03-03-2020,Edible,Green pea is coloured green!,\n I've just got around to planting a few seeds. Today I saw the green peas and saw they looked very metallic. I compared it to a green pea from the market and look at the photo comparison. Then I proceedes to dunk the seed provided by them in water and scrub it. You can clearly see the pea has been coloured green. Why would they do that? Makes me totally doubt their claim of being honest about anything.\n,complaint,non-sarcastic,sadness,negative,blame,quality,1.0,,,,,,,,1,"[['quality', 1]]","[['quality', 1]]",coloured green,,,,"[['quality', 1, 'coloured green']]"
